STOI,PESQ,Csig,Cbak,Covl,SDR,SISDR,LSD,SSIM
0.0,0.0,0.0,0.0,0.0,0.0,0.0,2.2158236503601074,0.4672558605670929
