STOI,PESQ,Csig,Cbak,Covl,SDR,SISDR,LSD,SSIM
0.0,0.0,0.0,0.0,0.0,0.0,0.0,0.9632746577262878,0.508525013923645
